step,mean_3_gram_loss,top_conf_3_gram_loss,bottom_conf_3_gram_loss
256,7.7987060546875,7.969750662823627,7.627661446551373
1000,6.1842803955078125,6.336595403934304,6.031965387081321
