step,mean_3_gram_loss,top_conf_3_gram_loss,bottom_conf_3_gram_loss
256,6.6602630615234375,6.818331005422598,6.502195117624277
1000,6.096710205078125,6.247942968799373,5.945477441356877
