step,mean_3_gram_loss,top_conf_3_gram_loss,bottom_conf_3_gram_loss
256,6.4121246337890625,6.567220095615511,6.257029171962614
1000,6.053741455078125,6.204440342916471,5.903042567239779
