step,mean_3_gram_loss,top_conf_3_gram_loss,bottom_conf_3_gram_loss
256,6.4604034423828125,6.616081689388632,6.304725195376993
1000,6.049346923828125,6.199991104077306,5.898702743578944
