step,mean_3_gram_loss,top_conf_3_gram_loss,bottom_conf_3_gram_loss
256,6.517822265625,6.674190801393924,6.361453729856076
1000,6.060546875,6.211330444448478,5.909763305551522
