step,mean_3_gram_loss,top_conf_3_gram_loss,bottom_conf_3_gram_loss
256,6.4844207763671875,6.640388131313826,6.328453421420549
1000,6.08905029296875,6.240188022341066,5.937912563596434
