step,mean_3_gram_loss,top_conf_3_gram_loss,bottom_conf_3_gram_loss
256,6.5761260986328125,6.733192458537351,6.419059738728274
1000,6.09765625,6.248900746888275,5.946411753111725
